step,train_loss,train_accuracy,val_loss,val_accuracy,mean_head_entropy
0,,,2.084693144156211,0.16796875,1.791048636722164
25,1.9591735891174058,0.296875,1.951252470638936,0.3212890625,1.7909506587758983
50,1.7841427737529143,0.359375,1.7886452446640773,0.3544921875,1.7902567126869828
75,1.5618940131491932,0.4375,1.5882109707982568,0.392578125,1.7874573470656208
100,1.2596101277889467,0.5625,1.3785201174177306,0.4609375,1.7787239695029744
125,0.9624128397209394,0.609375,1.0846461329737251,0.5654296875,1.756700587756074
150,0.7632902454438305,0.734375,0.6975263247503194,0.74609375,1.7119007760236238
175,0.2865206515439732,0.9375,0.31702528917033246,0.9111328125,1.6419607390744178
200,0.10644355305803666,0.96875,0.11856366159941677,0.9736328125,1.5729353590208484
225,0.03908568062632048,1.0,0.04726472060876157,0.9931640625,1.5224936920869045
250,0.02967060983017436,1.0,0.0262639043368895,0.998046875,1.4913541364436311
275,0.014941051036927666,1.0,0.01663880163967158,0.998046875,1.4694505664180024
300,0.012402445802131068,1.0,0.011423880268991472,0.9990234375,1.451213976390349
325,0.006219052673412662,1.0,0.0076599908323151614,0.9990234375,1.4371467699013163
350,0.008828685795527064,1.0,0.005553572946891955,1.0,1.4261048336534174
375,0.004694977559389774,1.0,0.004412106446019602,1.0,1.4159186404998536
400,0.01789604216085315,1.0,0.0038261939138730288,1.0,1.4065242155302835
425,0.009388223341240107,1.0,0.0033143166873186563,1.0,1.3986569244303402
450,0.001818625895227577,1.0,0.002839172807168884,1.0,1.3926020993956845
475,0.002122316108633296,1.0,0.002498949202685663,1.0,1.3869136187252824
500,0.003300180446478007,1.0,0.002202335538865071,1.0,1.3824858484605531
525,0.0024621911365704102,1.0,0.0019007103020856238,1.0,1.378205632324046
550,0.001324026038438772,1.0,0.0015512116763284137,1.0,1.372633363820516
575,0.0026726701279520815,1.0,0.0013656953306781586,1.0,1.3670362515252945
600,0.0015913291263984775,1.0,0.0012038068681712614,1.0,1.3616053885167423
